,Name,Category
0,UPL,Agro Chemicals companies
1,P I Industries,Agro Chemicals companies
2,Bayer Crop Sci.,Agro Chemicals companies
3,Sumitomo Chemi.,Agro Chemicals companies
4,Rallis India,Agro Chemicals companies
5,Bharat Rasayan,Agro Chemicals companies
6,India Pesticides,Agro Chemicals companies
7,Dhanuka Agritech,Agro Chemicals companies
8,Paushak,Agro Chemicals companies
9,Sharda Cropchem,Agro Chemicals companies
10,Meghmani Organi.,Agro Chemicals companies
11,Heranba Inds,Agro Chemicals companies
12,Best Agrolife,Agro Chemicals companies
13,Astec Lifescienc,Agro Chemicals companies
14,NACL Industries,Agro Chemicals companies
15,Insecticid.India,Agro Chemicals companies
16,Shivalik Rasayan,Agro Chemicals companies
17,Bhagiradha Chem.,Agro Chemicals companies
18,Kilpest India,Agro Chemicals companies
19,Aimco Pesticides,Agro Chemicals companies
20,Sikko Industries,Agro Chemicals companies
21,Super Crop Safe,Agro Chemicals companies
22,Bhaskar Agrochem,Agro Chemicals companies
23,Phyto Chem (I),Agro Chemicals companies
24,UPL,Agro Chemicals companies
25,P I Industries,Agro Chemicals companies
26,Bayer Crop Sci.,Agro Chemicals companies
27,Sumitomo Chemi.,Agro Chemicals companies
28,Rallis India,Agro Chemicals companies
29,Bharat Rasayan,Agro Chemicals companies
30,India Pesticides,Agro Chemicals companies
31,Dhanuka Agritech,Agro Chemicals companies
32,Paushak,Agro Chemicals companies
33,Sharda Cropchem,Agro Chemicals companies
34,Meghmani Organi.,Agro Chemicals companies
35,Heranba Inds,Agro Chemicals companies
36,Best Agrolife,Agro Chemicals companies
37,Astec Lifescienc,Agro Chemicals companies
38,NACL Industries,Agro Chemicals companies
39,Insecticid.India,Agro Chemicals companies
40,Shivalik Rasayan,Agro Chemicals companies
41,Bhagiradha Chem.,Agro Chemicals companies
42,Kilpest India,Agro Chemicals companies
43,Aimco Pesticides,Agro Chemicals companies
44,Sikko Industries,Agro Chemicals companies
45,Super Crop Safe,Agro Chemicals companies
46,Bhaskar Agrochem,Agro Chemicals companies
47,Phyto Chem (I),Agro Chemicals companies
48,Interglobe Aviat,Air Transport Service companies
49,SpiceJet,Air Transport Service companies
50,Jet Airways,Air Transport Service companies
51,TAAL Enterprises,Air Transport Service companies
52,Global Vectra,Air Transport Service companies
53,Jet Freight,Air Transport Service companies
54,MFL India,Air Transport Service companies
55,Interglobe Aviat,Air Transport Service companies
56,SpiceJet,Air Transport Service companies
57,Jet Airways,Air Transport Service companies
58,TAAL Enterprises,Air Transport Service companies
59,Global Vectra,Air Transport Service companies
60,Jet Freight,Air Transport Service companies
61,MFL India,Air Transport Service companies
62,United Spirits,Alcoholic Beverages companies
63,United Breweries,Alcoholic Beverages companies
64,Radico Khaitan,Alcoholic Beverages companies
65,Globus Spirits,Alcoholic Beverages companies
66,G M Breweries,Alcoholic Beverages companies
67,Tilaknagar Inds.,Alcoholic Beverages companies
68,Assoc.Alcohols,Alcoholic Beverages companies
69,IFB Agro Inds.,Alcoholic Beverages companies
70,Jagatjit Inds.,Alcoholic Beverages companies
71,Som Distilleries,Alcoholic Beverages companies
72,Khoday India,Alcoholic Beverages companies
73,Pioneer Distil.,Alcoholic Beverages companies
74,Piccadily Agro,Alcoholic Beverages companies
75,Comfort Intech,Alcoholic Beverages companies
76,Aurangabad Dist.,Alcoholic Beverages companies
77,Winsome Brew.,Alcoholic Beverages companies
78,Piccadily Sugar,Alcoholic Beverages companies
79,Ravikumar Distll,Alcoholic Beverages companies
80,Silver Oak (I),Alcoholic Beverages companies
81,United Spirits,Alcoholic Beverages companies
82,United Breweries,Alcoholic Beverages companies
83,Radico Khaitan,Alcoholic Beverages companies
84,Globus Spirits,Alcoholic Beverages companies
85,G M Breweries,Alcoholic Beverages companies
86,Tilaknagar Inds.,Alcoholic Beverages companies
87,Assoc.Alcohols,Alcoholic Beverages companies
88,IFB Agro Inds.,Alcoholic Beverages companies
89,Jagatjit Inds.,Alcoholic Beverages companies
90,Som Distilleries,Alcoholic Beverages companies
91,Khoday India,Alcoholic Beverages companies
92,Pioneer Distil.,Alcoholic Beverages companies
93,Piccadily Agro,Alcoholic Beverages companies
94,Comfort Intech,Alcoholic Beverages companies
95,Aurangabad Dist.,Alcoholic Beverages companies
96,Winsome Brew.,Alcoholic Beverages companies
97,Piccadily Sugar,Alcoholic Beverages companies
98,Ravikumar Distll,Alcoholic Beverages companies
99,Silver Oak (I),Alcoholic Beverages companies
100,Motherson Sumi,Auto Ancillaries companies
101,Bosch,Auto Ancillaries companies
102,Minda Industries,Auto Ancillaries companies
103,Endurance Tech.,Auto Ancillaries companies
104,Timken India,Auto Ancillaries companies
105,WABCO India,Auto Ancillaries companies
106,Exide Inds.,Auto Ancillaries companies
107,Amara Raja Batt.,Auto Ancillaries companies
108,Sundaram Clayton,Auto Ancillaries companies
109,Suprajit Engg.,Auto Ancillaries companies
110,Craftsman Auto,Auto Ancillaries companies
111,Varroc Engineer,Auto Ancillaries companies
112,JBM Auto,Auto Ancillaries companies
113,Sansera Enginee.,Auto Ancillaries companies
114,Jamna Auto Inds.,Auto Ancillaries companies
115,Minda Corp,Auto Ancillaries companies
116,Rolex Rings,Auto Ancillaries companies
117,Steel Str. Wheel,Auto Ancillaries companies
118,Sharda Motor,Auto Ancillaries companies
119,Subros,Auto Ancillaries companies
120,JTEKT India,Auto Ancillaries companies
121,Gabriel India,Auto Ancillaries companies
122,Automotive Axles,Auto Ancillaries companies
123,Shriram Pistons,Auto Ancillaries companies
124,Igarashi Motors,Auto Ancillaries companies
125,NRB Bearings,Auto Ancillaries companies
126,Fiem Industries,Auto Ancillaries companies
127,Wheels India,Auto Ancillaries companies
128,GNA Axles,Auto Ancillaries companies
129,L G Balakrishnan,Auto Ancillaries companies
130,Sandhar Tech,Auto Ancillaries companies
131,Pricol Ltd,Auto Ancillaries companies
132,Precision Camshf,Auto Ancillaries companies
133,Federal-Mogul Go,Auto Ancillaries companies
134,SJS Enterprises,Auto Ancillaries companies
135,Alicon Cast.,Auto Ancillaries companies
136,Lumax Industries,Auto Ancillaries companies
137,Banco Products,Auto Ancillaries companies
138,Shanthi Gears,Auto Ancillaries companies
139,Lumax Auto Tech.,Auto Ancillaries companies
140,India Motor Part,Auto Ancillaries companies
141,India Nipp.Elec.,Auto Ancillaries companies
142,Jay Bharat Maru.,Auto Ancillaries companies
143,Enkei Wheels,Auto Ancillaries companies
144,Auto.Corp.of Goa,Auto Ancillaries companies
145,RACL Geartech,Auto Ancillaries companies
146,Rane Brake Lin.,Auto Ancillaries companies
147,Rico Auto Inds,Auto Ancillaries companies
148,IST,Auto Ancillaries companies
149,Rane (Madras),Auto Ancillaries companies
150,Munjal Auto Inds,Auto Ancillaries companies
151,Munjal Showa,Auto Ancillaries companies
152,Menon Bearings,Auto Ancillaries companies
153,Hind.Composites,Auto Ancillaries companies
154,Talbros Auto.,Auto Ancillaries companies
155,The Hi-Tech Gear,Auto Ancillaries companies
156,Z F Steering,Auto Ancillaries companies
157,Automotive Stamp,Auto Ancillaries companies
158,PPAP Automotive,Auto Ancillaries companies
159,Ucal Fuel Sys.,Auto Ancillaries companies
160,Shivam Autotech,Auto Ancillaries companies
161,Bharat Seats,Auto Ancillaries companies
162,Autoline Industr,Auto Ancillaries companies
163,Setco Automotive,Auto Ancillaries companies
164,Menon Pistons,Auto Ancillaries companies
165,Sintercom India,Auto Ancillaries companies
166,Sar Auto Prod.,Auto Ancillaries companies
167,NDR Auto Compon.,Auto Ancillaries companies
168,Jay Ushin,Auto Ancillaries companies
169,Rane Engine Val.,Auto Ancillaries companies
170,Bharat Gears,Auto Ancillaries companies
171,Pritika Auto,Auto Ancillaries companies
172,Samkrg Pistons,Auto Ancillaries companies
173,Jullundur Motor,Auto Ancillaries companies
174,JMT Auto,Auto Ancillaries companies
175,IP Rings,Auto Ancillaries companies
176,Triton Valves,Auto Ancillaries companies
177,Talbros Engg.,Auto Ancillaries companies
178,Sundaram Brake,Auto Ancillaries companies
179,Remsons Ind,Auto Ancillaries companies
180,Galaxy Bearings,Auto Ancillaries companies
181,Kinetic Engg.,Auto Ancillaries companies
182,Frontier Springs,Auto Ancillaries companies
183,Omax Autos,Auto Ancillaries companies
184,Him Teknoforg.,Auto Ancillaries companies
185,SNL Bearings,Auto Ancillaries companies
186,Auto Pins (I),Auto Ancillaries companies
187,Duncan Engg.,Auto Ancillaries companies
188,Uravi T & Wedge,Auto Ancillaries companies
189,Rasandik Engg.,Auto Ancillaries companies
190,Jagan Lamps,Auto Ancillaries companies
191,SAL Automotive,Auto Ancillaries companies
192,Hindustan Hardy,Auto Ancillaries companies
193,ASL Industries,Auto Ancillaries companies
194,SM Auto Stamping,Auto Ancillaries companies
195,Austin Engg Co,Auto Ancillaries companies
196,Atam Valves,Auto Ancillaries companies
197,G S Auto Intl.,Auto Ancillaries companies
198,Benara Bearings,Auto Ancillaries companies
199,Sibar Auto Parts,Auto Ancillaries companies
200,Jainex Aamcol,Auto Ancillaries companies
201,PAE,Auto Ancillaries companies
202,Spectra Industri,Auto Ancillaries companies
203,Mipco Seaml Ring,Auto Ancillaries companies
204,Gajra Bevel,Auto Ancillaries companies
205,Deccan Bearings,Auto Ancillaries companies
206,Coventry Coil.,Auto Ancillaries companies
207,India Radiators,Auto Ancillaries companies
208,Jainex Aamcol,Auto Ancillaries companies
209,PAE,Auto Ancillaries companies
210,Spectra Industri,Auto Ancillaries companies
211,Mipco Seaml Ring,Auto Ancillaries companies
212,Gajra Bevel,Auto Ancillaries companies
213,Deccan Bearings,Auto Ancillaries companies
214,Coventry Coil.,Auto Ancillaries companies
215,India Radiators,Auto Ancillaries companies
216,Maruti Suzuki,Automobile companies
217,Tata Motors,Automobile companies
218,M & M,Automobile companies
219,Bajaj Auto,Automobile companies
220,Eicher Motors,Automobile companies
221,Hero Motocorp,Automobile companies
222,Ashok Leyland,Automobile companies
223,TVS Motor Co.,Automobile companies
224,Escorts,Automobile companies
225,Tata Motors-DVR,Automobile companies
226,Olectra Greentec,Automobile companies
227,VST Till. Tract.,Automobile companies
228,Force Motors,Automobile companies
229,SML ISUZU,Automobile companies
230,Atul Auto,Automobile companies
231,Scooters India,Automobile companies
232,Hindustan Motors,Automobile companies
233,Maruti Suzuki,Automobile companies
234,Tata Motors,Automobile companies
235,M & M,Automobile companies
236,Bajaj Auto,Automobile companies
237,Eicher Motors,Automobile companies
238,Hero Motocorp,Automobile companies
239,Ashok Leyland,Automobile companies
240,TVS Motor Co.,Automobile companies
241,Escorts,Automobile companies
242,Tata Motors-DVR,Automobile companies
243,Olectra Greentec,Automobile companies
244,VST Till. Tract.,Automobile companies
245,Force Motors,Automobile companies
246,SML ISUZU,Automobile companies
247,Atul Auto,Automobile companies
248,Scooters India,Automobile companies
249,Hindustan Motors,Automobile companies
250,HDFC Bank,Banks companies
251,ICICI Bank,Banks companies
252,St Bk of India,Banks companies
253,Kotak Mah. Bank,Banks companies
254,Axis Bank,Banks companies
255,IndusInd Bank,Banks companies
256,IDBI Bank,Banks companies
257,Bank of Baroda,Banks companies
258,Bandhan Bank,Banks companies
259,Punjab Natl.Bank,Banks companies
260,I O B,Banks companies
261,Canara Bank,Banks companies
262,AU Small Finance,Banks companies
263,Union Bank (I),Banks companies
264,Yes Bank,Banks companies
265,IDFC First Bank,Banks companies
266,Bank of India,Banks companies
267,Central Bank,Banks companies
268,Federal Bank,Banks companies
269,Indian Bank,Banks companies
270,UCO Bank,Banks companies
271,Bank of Maha,Banks companies
272,RBL Bank,Banks companies
273,City Union Bank,Banks companies
274,Equitas Sma. Fin,Banks companies
275,Pun. & Sind Bank,Banks companies
276,CSB Bank,Banks companies
277,Karur Vysya Bank,Banks companies
278,Fino Payments,Banks companies
279,J & K Bank,Banks companies
280,Ujjivan Small,Banks companies
281,DCB Bank,Banks companies
282,Karnataka Bank,Banks companies
283,South Ind.Bank,Banks companies
284,Suryoday Small,Banks companies
285,Dhanlaxmi Bank,Banks companies
286,Pun. & Sind Bank,Banks companies
287,CSB Bank,Banks companies
288,Karur Vysya Bank,Banks companies
289,Fino Payments,Banks companies
290,J & K Bank,Banks companies
291,Ujjivan Small,Banks companies
292,DCB Bank,Banks companies
293,Karnataka Bank,Banks companies
294,South Ind.Bank,Banks companies
295,Suryoday Small,Banks companies
296,Dhanlaxmi Bank,Banks companies
297,Polycab India,Cables companies
298,Sterlite Tech.,Cables companies
299,KEI Industries,Cables companies
300,Finolex Cables,Cables companies
301,Vindhya Telelink,Cables companies
302,Hind.Urban Infra,Cables companies
303,Universal Cables,Cables companies
304,Birla Cable,Cables companies
305,Paramount Comm.,Cables companies
306,Dynamic Cables,Cables companies
307,Ultracab India,Cables companies
308,Aksh Optifibre,Cables companies
309,Geekay Wires,Cables companies
310,V-Marc India,Cables companies
311,Cords Cable,Cables companies
312,Godha Cabcon,Cables companies
313,CMI,Cables companies
314,Delton Cables,Cables companies
315,Diamond Power,Cables companies
316,T N Telecom.,Cables companies
317,B.C. Power,Cables companies
318,Relicab Cable,Cables companies
319,Jigar Cables,Cables companies
320,Cybele Industrie,Cables companies
321,SGN Telecoms,Cables companies
322,Polycab India,Cables companies
323,Sterlite Tech.,Cables companies
324,KEI Industries,Cables companies
325,Finolex Cables,Cables companies
326,Vindhya Telelink,Cables companies
327,Hind.Urban Infra,Cables companies
328,Universal Cables,Cables companies
329,Birla Cable,Cables companies
330,Paramount Comm.,Cables companies
331,Dynamic Cables,Cables companies
332,Ultracab India,Cables companies
333,Aksh Optifibre,Cables companies
334,Geekay Wires,Cables companies
335,V-Marc India,Cables companies
336,Cords Cable,Cables companies
337,Godha Cabcon,Cables companies
338,CMI,Cables companies
339,Delton Cables,Cables companies
340,Diamond Power,Cables companies
341,T N Telecom.,Cables companies
342,B.C. Power,Cables companies
343,Relicab Cable,Cables companies
344,Jigar Cables,Cables companies
345,Cybele Industrie,Cables companies
346,SGN Telecoms,Cables companies
347,Havells India,Capital Goods - Electrical Equipment companies
348,Siemens,Capital Goods - Electrical Equipment companies
349,A B B,Capital Goods - Electrical Equipment companies
350,Crompton Gr. Con,Capital Goods - Electrical Equipment companies
351,B H E L,Capital Goods - Electrical Equipment companies
352,CG Power & Indu.,Capital Goods - Electrical Equipment companies
353,K E C Intl.,Capital Goods - Electrical Equipment companies
354,ABB Power Produc,Capital Goods - Electrical Equipment companies
355,V-Guard Industri,Capital Goods - Electrical Equipment companies
356,Suzlon Energy,Capital Goods - Electrical Equipment companies
357,Triveni Turbine,Capital Goods - Electrical Equipment companies
358,Kalpataru Power,Capital Goods - Electrical Equipment companies
359,Inox Wind,Capital Goods - Electrical Equipment companies
360,GE T&D India,Capital Goods - Electrical Equipment companies
361,Apar Inds.,Capital Goods - Electrical Equipment companies
362,Schneider Elect.,Capital Goods - Electrical Equipment companies
363,Volt.Transform.,Capital Goods - Electrical Equipment companies
364,Honda India,Capital Goods - Electrical Equipment companies
365,TD Power Systems,Capital Goods - Electrical Equipment companies
366,Bharat Bijlee,Capital Goods - Electrical Equipment companies
367,HPL Electric,Capital Goods - Electrical Equipment companies
368,T R I L,Capital Goods - Electrical Equipment companies
369,Swelect Energy,Capital Goods - Electrical Equipment companies
370,Marine Electric.,Capital Goods - Electrical Equipment companies
371,Salzer Electron.,Capital Goods - Electrical Equipment companies
372,High Energy Bat.,Capital Goods - Electrical Equipment companies
373,Modern Insulator,Capital Goods - Electrical Equipment companies
374,Websol Energy,Capital Goods - Electrical Equipment companies
375,Modison Metals,Capital Goods - Electrical Equipment companies
376,Veto Switchgears,Capital Goods - Electrical Equipment companies
377,Indo Tech.Trans.,Capital Goods - Electrical Equipment companies
378,Jyoti Structures,Capital Goods - Electrical Equipment companies
379,Marsons,Capital Goods - Electrical Equipment companies
380,Wonder Fibromats,Capital Goods - Electrical Equipment companies
381,Kirl. Electric,Capital Goods - Electrical Equipment companies
382,Lak. Electrical,Capital Goods - Electrical Equipment companies
383,Indosolar,Capital Goods - Electrical Equipment companies
384,Artemis Electri.,Capital Goods - Electrical Equipment companies
385,Surana Solar,Capital Goods - Electrical Equipment companies
386,Shilchar Tech.,Capital Goods - Electrical Equipment companies
387,Focus Lighting,Capital Goods - Electrical Equipment companies
388,Spectrum Electr.,Capital Goods - Electrical Equipment companies
389,Ujaas Energy,Capital Goods - Electrical Equipment companies
390,Servotech Power,Capital Goods - Electrical Equipment companies
391,RTS Power Corpn.,Capital Goods - Electrical Equipment companies
392,Rexnord Electr.,Capital Goods - Electrical Equipment companies
393,Aartech Solonics,Capital Goods - Electrical Equipment companies
394,Mehai Technology,Capital Goods - Electrical Equipment companies
395,Amba Enterprises,Capital Goods - Electrical Equipment companies
396,Rex Pipes&Cables,Capital Goods - Electrical Equipment companies
397,Goldstar Power,Capital Goods - Electrical Equipment companies
398,Advance Meter.,Capital Goods - Electrical Equipment companies
399,Kaycee Inds.,Capital Goods - Electrical Equipment companies
400,Star Delta Trans,Capital Goods - Electrical Equipment companies
401,Dhanashree Elect,Capital Goods - Electrical Equipment companies
402,JSL Industries,Capital Goods - Electrical Equipment companies
403,Jyoti,Capital Goods - Electrical Equipment companies
404,Jayshree Chem.,Capital Goods - Electrical Equipment companies
405,RMC Switchgears,Capital Goods - Electrical Equipment companies
406,S & S Power Swit,Capital Goods - Electrical Equipment companies
407,Shri Ram Switch.,Capital Goods - Electrical Equipment companies
408,Neueon Towers,Capital Goods - Electrical Equipment companies
409,IMP Powers,Capital Goods - Electrical Equipment companies
410,Switching Tech.,Capital Goods - Electrical Equipment companies
411,Cospower Engine.,Capital Goods - Electrical Equipment companies
412,Bright Solar,Capital Goods - Electrical Equipment companies
413,Evans Electric,Capital Goods - Electrical Equipment companies
414,Easun Reyrolle,Capital Goods - Electrical Equipment companies
415,GTV Engineering,Capital Goods - Electrical Equipment companies
416,Tarapur Trans,Capital Goods - Electrical Equipment companies
417,KLK Electrical,Capital Goods - Electrical Equipment companies
418,Alfa Transformer,Capital Goods - Electrical Equipment companies
419,Cont. Controls,Capital Goods - Electrical Equipment companies
420,Epic Energy,Capital Goods - Electrical Equipment companies
421,Goldstar Power,Capital Goods - Electrical Equipment companies
422,Advance Meter.,Capital Goods - Electrical Equipment companies
423,Kaycee Inds.,Capital Goods - Electrical Equipment companies
424,Star Delta Trans,Capital Goods - Electrical Equipment companies
425,Dhanashree Elect,Capital Goods - Electrical Equipment companies
426,JSL Industries,Capital Goods - Electrical Equipment companies
427,Jyoti,Capital Goods - Electrical Equipment companies
428,Jayshree Chem.,Capital Goods - Electrical Equipment companies
429,RMC Switchgears,Capital Goods - Electrical Equipment companies
430,S & S Power Swit,Capital Goods - Electrical Equipment companies
431,Shri Ram Switch.,Capital Goods - Electrical Equipment companies
432,Neueon Towers,Capital Goods - Electrical Equipment companies
433,IMP Powers,Capital Goods - Electrical Equipment companies
434,Switching Tech.,Capital Goods - Electrical Equipment companies
435,Cospower Engine.,Capital Goods - Electrical Equipment companies
436,Bright Solar,Capital Goods - Electrical Equipment companies
437,Evans Electric,Capital Goods - Electrical Equipment companies
438,Easun Reyrolle,Capital Goods - Electrical Equipment companies
439,GTV Engineering,Capital Goods - Electrical Equipment companies
440,Tarapur Trans,Capital Goods - Electrical Equipment companies
441,KLK Electrical,Capital Goods - Electrical Equipment companies
442,Alfa Transformer,Capital Goods - Electrical Equipment companies
443,Cont. Controls,Capital Goods - Electrical Equipment companies
444,Epic Energy,Capital Goods - Electrical Equipment companies
445,Hind.Aeronautics,Capital Goods-Non Electrical Equipment companies
446,Cummins India,Capital Goods-Non Electrical Equipment companies
447,Thermax,Capital Goods-Non Electrical Equipment companies
448,Grindwell Norton,Capital Goods-Non Electrical Equipment companies
449,Carborundum Uni.,Capital Goods-Non Electrical Equipment companies
450,Elgi Equipments,Capital Goods-Non Electrical Equipment companies
451,HLE Glascoat,Capital Goods-Non Electrical Equipment companies
452,Graphite India,Capital Goods-Non Electrical Equipment companies
453,BEML Ltd,Capital Goods-Non Electrical Equipment companies
454,Bharat Dynamics,Capital Goods-Non Electrical Equipment companies
455,HEG,Capital Goods-Non Electrical Equipment companies
456,GMM Pfaudler,Capital Goods-Non Electrical Equipment companies
457,Praj Industries,Capital Goods-Non Electrical Equipment companies
458,Esab India,Capital Goods-Non Electrical Equipment companies
459,KSB,Capital Goods-Non Electrical Equipment companies
460,ISGEC Heavy,Capital Goods-Non Electrical Equipment companies
461,Ingersoll-Rand,Capital Goods-Non Electrical Equipment companies
462,Greaves Cotton,Capital Goods-Non Electrical Equipment companies
463,Kennametal India,Capital Goods-Non Electrical Equipment companies
464,ION Exchange,Capital Goods-Non Electrical Equipment companies
465,Kirloskar Oil,Capital Goods-Non Electrical Equipment companies
466,Kirl. Brothers,Capital Goods-Non Electrical Equipment companies
467,Kirl.Pneumatic,Capital Goods-Non Electrical Equipment companies
468,Action Const.Eq.,Capital Goods-Non Electrical Equipment companies
469,Elecon Engg.Co,Capital Goods-Non Electrical Equipment companies
470,Va Tech Wabag,Capital Goods-Non Electrical Equipment companies
471,Swaraj Engines,Capital Goods-Non Electrical Equipment companies
472,Balu Forge,Capital Goods-Non Electrical Equipment companies
473,Dynamatic Tech.,Capital Goods-Non Electrical Equipment companies
474,Power Mech Proj.,Capital Goods-Non Electrical Equipment companies
475,Shakti Pumps,Capital Goods-Non Electrical Equipment companies
476,Titagarh Wagons,Capital Goods-Non Electrical Equipment companies
477,Wendt India,Capital Goods-Non Electrical Equipment companies
478,Kabra Extrusion,Capital Goods-Non Electrical Equipment companies
479,Texmaco Rail,Capital Goods-Non Electrical Equipment companies
480,Ador Welding,Capital Goods-Non Electrical Equipment companies
481,Sanghvi Movers,Capital Goods-Non Electrical Equipment companies
482,WPIL,Capital Goods-Non Electrical Equipment companies
483,United Drilling,Capital Goods-Non Electrical Equipment companies
484,Disa India,Capital Goods-Non Electrical Equipment companies
485,Pitti Engg.,Capital Goods-Non Electrical Equipment companies
486,Yuken India,Capital Goods-Non Electrical Equipment companies
487,Jash Engineering,Capital Goods-Non Electrical Equipment companies
488,John Cockerill,Capital Goods-Non Electrical Equipment companies
489,Roto Pumps,Capital Goods-Non Electrical Equipment companies
490,Hercules Hoists,Capital Goods-Non Electrical Equipment companies
491,Intl. Conveyors,Capital Goods-Non Electrical Equipment companies
492,Artson Engg.,Capital Goods-Non Electrical Equipment companies
493,Commercial Eng.,Capital Goods-Non Electrical Equipment companies
494,Sika Interplant,Capital Goods-Non Electrical Equipment companies
495,Orient Abrasives,Capital Goods-Non Electrical Equipment companies
496,DE Nora India,Capital Goods-Non Electrical Equipment companies
497,Guj Apollo Inds,Capital Goods-Non Electrical Equipment companies
498,Mazda,Capital Goods-Non Electrical Equipment companies
499,Ador Fontech,Capital Goods-Non Electrical Equipment companies
500,Veljan Denison,Capital Goods-Non Electrical Equipment companies
501,Taneja Aerospace,Capital Goods-Non Electrical Equipment companies
502,Panasonic Carbon,Capital Goods-Non Electrical Equipment companies
503,Revathi Equipmnt,Capital Goods-Non Electrical Equipment companies
504,Eimco Elecon(I),Capital Goods-Non Electrical Equipment companies
505,GEE,Capital Goods-Non Electrical Equipment companies
506,Windsor Machines,Capital Goods-Non Electrical Equipment companies
507,Walchan. Inds.,Capital Goods-Non Electrical Equipment companies
508,Birla Precision,Capital Goods-Non Electrical Equipment companies
509,TRF,Capital Goods-Non Electrical Equipment companies
510,TIL,Capital Goods-Non Electrical Equipment companies
511,Batliboi,Capital Goods-Non Electrical Equipment companies
512,Aaron Industries,Capital Goods-Non Electrical Equipment companies
513,Kilburn Engg.,Capital Goods-Non Electrical Equipment companies
514,A2Z Infra Engg.,Capital Goods-Non Electrical Equipment companies
515,Patels Airtemp,Capital Goods-Non Electrical Equipment companies
516,Lokesh Mach.,Capital Goods-Non Electrical Equipment companies
517,Meera Industries,Capital Goods-Non Electrical Equipment companies
518,G G Engineering,Capital Goods-Non Electrical Equipment companies
519,Josts Engg. Co.,Capital Goods-Non Electrical Equipment companies
520,Intl. Combustion,Capital Goods-Non Electrical Equipment companies
521,Fluidomat,Capital Goods-Non Electrical Equipment companies
522,Cenlub Industrie,Capital Goods-Non Electrical Equipment companies
523,Manugraph India,Capital Goods-Non Electrical Equipment companies
524,KPT Industries,Capital Goods-Non Electrical Equipment companies
525,ITL Industries,Capital Goods-Non Electrical Equipment companies
526,Bemco Hydraulics,Capital Goods-Non Electrical Equipment companies
527,Polymechplast Ma,Capital Goods-Non Electrical Equipment companies
528,Nitin Fire Prot.,Capital Goods-Non Electrical Equipment companies
529,G G Dandekar,Capital Goods-Non Electrical Equipment companies
530,Brady & Morris,Capital Goods-Non Electrical Equipment companies
531,Rapicut Carbides,Capital Goods-Non Electrical Equipment companies
532,Welcast Steels,Capital Goods-Non Electrical Equipment companies
533,Rasi Electrodes,Capital Goods-Non Electrical Equipment companies
534,Redex Protech,Capital Goods-Non Electrical Equipment companies
535,Premier,Capital Goods-Non Electrical Equipment companies
536,Hawa Engineers,Capital Goods-Non Electrical Equipment companies
537,Incon Engineers,Capital Goods-Non Electrical Equipment companies
538,Felix Industries,Capital Goods-Non Electrical Equipment companies
539,D & H India,Capital Goods-Non Electrical Equipment companies
540,Solitaire Mach.,Capital Goods-Non Electrical Equipment companies
541,Envair Electrody,Capital Goods-Non Electrical Equipment companies
542,Rishi Laser,Capital Goods-Non Electrical Equipment companies
543,G G Automotive,Capital Goods-Non Electrical Equipment companies
544,Filtra Consult.,Capital Goods-Non Electrical Equipment companies
545,R J Shah & Co,Capital Goods-Non Electrical Equipment companies
546,Adarsh Plant,Capital Goods-Non Electrical Equipment companies
547,Cranex,Capital Goods-Non Electrical Equipment companies
548,Lippi Systems,Capital Goods-Non Electrical Equipment companies
549,Shivagrico Impl.,Capital Goods-Non Electrical Equipment companies
550,Iykot Hitech,Capital Goods-Non Electrical Equipment companies
551,Galaxy Agrico,Capital Goods-Non Electrical Equipment companies
552,Hittco Tools,Capital Goods-Non Electrical Equipment companies
553,Ranjeet Mechatr.,Capital Goods-Non Electrical Equipment companies
554,Mahavir Indust.,Capital Goods-Non Electrical Equipment companies
555,Servoteach Inds.,Capital Goods-Non Electrical Equipment companies
556,EMA India,Capital Goods-Non Electrical Equipment companies
557,Miven Mach. Tool,Capital Goods-Non Electrical Equipment companies
558,Guj. Toolroom,Capital Goods-Non Electrical Equipment companies
559,MPF Systems,Capital Goods-Non Electrical Equipment companies
560,R J Shah & Co,Capital Goods-Non Electrical Equipment companies
561,Adarsh Plant,Capital Goods-Non Electrical Equipment companies
562,Cranex,Capital Goods-Non Electrical Equipment companies
563,Lippi Systems,Capital Goods-Non Electrical Equipment companies
564,Shivagrico Impl.,Capital Goods-Non Electrical Equipment companies
565,Iykot Hitech,Capital Goods-Non Electrical Equipment companies
566,Galaxy Agrico,Capital Goods-Non Electrical Equipment companies
567,Hittco Tools,Capital Goods-Non Electrical Equipment companies
568,Ranjeet Mechatr.,Capital Goods-Non Electrical Equipment companies
569,Mahavir Indust.,Capital Goods-Non Electrical Equipment companies
570,Servoteach Inds.,Capital Goods-Non Electrical Equipment companies
571,EMA India,Capital Goods-Non Electrical Equipment companies
572,Miven Mach. Tool,Capital Goods-Non Electrical Equipment companies
573,Guj. Toolroom,Capital Goods-Non Electrical Equipment companies
574,MPF Systems,Capital Goods-Non Electrical Equipment companies
575,Sona BLW Precis.,"Castings, Forgings & Fastners companies"
576,Bharat Forge,"Castings, Forgings & Fastners companies"
577,Sundram Fasten.,"Castings, Forgings & Fastners companies"
578,AIA Engineering,"Castings, Forgings & Fastners companies"
579,Mahindra CIE,"Castings, Forgings & Fastners companies"
580,Ramkrishna Forg.,"Castings, Forgings & Fastners companies"
581,Jayaswal Neco,"Castings, Forgings & Fastners companies"
582,M M Forgings,"Castings, Forgings & Fastners companies"
583,PTC Industries,"Castings, Forgings & Fastners companies"
584,Electrost.Cast.,"Castings, Forgings & Fastners companies"
585,Sterling Tools,"Castings, Forgings & Fastners companies"
586,Nelcast,"Castings, Forgings & Fastners companies"
587,Steelcast,"Castings, Forgings & Fastners companies"
588,Synergy Green,"Castings, Forgings & Fastners companies"
589,DCM,"Castings, Forgings & Fastners companies"
590,Ganga Forging,"Castings, Forgings & Fastners companies"
591,Pradeep Metals,"Castings, Forgings & Fastners companies"
592,KIC Metaliks,"Castings, Forgings & Fastners companies"
593,LGB Forge,"Castings, Forgings & Fastners companies"
594,Inv.& Prec.Cast.,"Castings, Forgings & Fastners companies"
595,Uni Abex Alloy,"Castings, Forgings & Fastners companies"
596,Tirupati Forge,"Castings, Forgings & Fastners companies"
597,Tayo Rolls,"Castings, Forgings & Fastners companies"
598,Simm. Marshall,"Castings, Forgings & Fastners companies"
599,Magna Electrocas,"Castings, Forgings & Fastners companies"
600,Universal Auto.,"Castings, Forgings & Fastners companies"
601,Samrat Forgings,"Castings, Forgings & Fastners companies"
602,Kalyani Forge,"Castings, Forgings & Fastners companies"
603,Akar Auto Indust,"Castings, Forgings & Fastners companies"
604,National Fitting,"Castings, Forgings & Fastners companies"
605,Bhagwati Auto,"Castings, Forgings & Fastners companies"
606,Nitin Castings,"Castings, Forgings & Fastners companies"
607,Rajkumar Forge,"Castings, Forgings & Fastners companies"
608,Creative Casting,"Castings, Forgings & Fastners companies"
609,Smiths & Founder,"Castings, Forgings & Fastners companies"
610,Porwal Auto Comp,"Castings, Forgings & Fastners companies"
611,Poojawes. Metal.,"Castings, Forgings & Fastners companies"
612,Taparia Tools,"Castings, Forgings & Fastners companies"
613,Captain Techno.,"Castings, Forgings & Fastners companies"
614,Hilton Met.Forg.,"Castings, Forgings & Fastners companies"
615,Simplex Castings,"Castings, Forgings & Fastners companies"
616,Metalyst Forg.,"Castings, Forgings & Fastners companies"
617,Palco Metals Ltd,"Castings, Forgings & Fastners companies"
618,Lak. Prec. Screw,"Castings, Forgings & Fastners companies"
619,Carnation Inds.,"Castings, Forgings & Fastners companies"
620,Universal Auto.,"Castings, Forgings & Fastners companies"
621,Samrat Forgings,"Castings, Forgings & Fastners companies"
622,Kalyani Forge,"Castings, Forgings & Fastners companies"
623,Akar Auto Indust,"Castings, Forgings & Fastners companies"
624,National Fitting,"Castings, Forgings & Fastners companies"
625,Bhagwati Auto,"Castings, Forgings & Fastners companies"
626,Nitin Castings,"Castings, Forgings & Fastners companies"
627,Rajkumar Forge,"Castings, Forgings & Fastners companies"
628,Creative Casting,"Castings, Forgings & Fastners companies"
629,Smiths & Founder,"Castings, Forgings & Fastners companies"
630,Porwal Auto Comp,"Castings, Forgings & Fastners companies"
631,Poojawes. Metal.,"Castings, Forgings & Fastners companies"
632,Taparia Tools,"Castings, Forgings & Fastners companies"
633,Captain Techno.,"Castings, Forgings & Fastners companies"
634,Hilton Met.Forg.,"Castings, Forgings & Fastners companies"
635,Simplex Castings,"Castings, Forgings & Fastners companies"
636,Metalyst Forg.,"Castings, Forgings & Fastners companies"
637,Palco Metals Ltd,"Castings, Forgings & Fastners companies"
638,Lak. Prec. Screw,"Castings, Forgings & Fastners companies"
639,Carnation Inds.,"Castings, Forgings & Fastners companies"
640,UltraTech Cem.,Cement companies
641,Shree Cement,Cement companies
642,Ambuja Cements,Cement companies
643,ACC,Cement companies
644,Dalmia BharatLtd,Cement companies
645,J K Cements,Cement companies
646,The Ramco Cement,Cement companies
647,Nuvoco Vistas,Cement companies
648,Birla Corpn.,Cement companies
649,JK Lakshmi Cem.,Cement companies
650,Prism Johnson,Cement companies
651,India Cements,Cement companies
652,Heidelberg Cem.,Cement companies
653,Star Cement,Cement companies
654,Orient Cement,Cement companies
655,Sagar Cements,Cement companies
656,K C P,Cement companies
657,Sanghi Industrie,Cement companies
658,Sh. Digvijay Cem,Cement companies
659,Udaipur Cement,Cement companies
660,NCL Industries,Cement companies
661,Mangalam Cement,Cement companies
662,Kesoram Inds.,Cement companies
663,Deccan Cements,Cement companies
664,Anjani Portland,Cement companies
665,Shiva Cement,Cement companies
666,Saurashtra Cem.,Cement companies
667,Andhra Cements,Cement companies
668,Guj. Sidhee Cem.,Cement companies
669,Kakatiya Cement,Cement companies
670,Keerthi Indus,Cement companies
671,Shri Keshav,Cement companies
672,Barak Valley,Cement companies
673,Burnpur Cement,Cement companies
674,Shiva Cement,Cement companies
675,Saurashtra Cem.,Cement companies
676,Andhra Cements,Cement companies
677,Guj. Sidhee Cem.,Cement companies
678,Kakatiya Cement,Cement companies
679,Keerthi Indus,Cement companies
680,Shri Keshav,Cement companies
681,Barak Valley,Cement companies
682,Burnpur Cement,Cement companies
683,Kajaria Ceramics,Ceramic Products companies
684,Cera Sanitary.,Ceramic Products companies
685,Somany Ceramics,Ceramic Products companies
686,Asian Granito,Ceramic Products companies
687,Exxaro Tiles,Ceramic Products companies
688,Orient Bell,Ceramic Products companies
689,Nitco,Ceramic Products companies
690,Murudesh.Ceramic,Ceramic Products companies
691,Restile Ceramics,Ceramic Products companies
692,Lexus Granito,Ceramic Products companies
693,Regency Ceramics,Ceramic Products companies
694,Schablona India,Ceramic Products companies
695,NIIT,Computer Education companies
696,Aptech,Computer Education companies
697,Zee Learn,Computer Education companies
698,Compucom Soft.,Computer Education companies
699,Educomp Sol.,Computer Education companies
700,Jetking Infotrai,Computer Education companies
701,Usha Mart. Edu.,Computer Education companies
702,Voltas,Consumer Durables companies
703,Honeywell Auto,Consumer Durables companies
704,Dixon Technolog.,Consumer Durables companies
705,Whirlpool India,Consumer Durables companies
706,TTK Prestige,Consumer Durables companies
707,Bajaj Electrical,Consumer Durables companies
708,Amber Enterp.,Consumer Durables companies
709,Blue Star,Consumer Durables companies
710,Orient Electric,Consumer Durables companies
711,Symphony,Consumer Durables companies
712,Johnson Con. Hit,Consumer Durables companies
713,IFB Industries,Consumer Durables companies
714,Hawkins Cookers,Consumer Durables companies
715,Stove Kraft,Consumer Durables companies
716,Acrysil,Consumer Durables companies
717,Genus Power,Consumer Durables companies
718,Butterfly Gan Ap,Consumer Durables companies
719,PG Electroplast,Consumer Durables companies
720,KDDL Ltd,Consumer Durables companies
721,Timex Group,Consumer Durables companies
722,MIRC Electronics,Consumer Durables companies
723,BPL,Consumer Durables companies
724,Permanent Magnet,Consumer Durables companies
725,Hind Rectifiers,Consumer Durables companies
726,Cosmo Ferrites,Consumer Durables companies
727,CRISIL,Credit Rating Agencies companies
728,ICRA,Credit Rating Agencies companies
729,CARE Ratings,Credit Rating Agencies companies
730,Titan Company,"Diamond, Gems and Jewellery companies"
731,Rajesh Exports,"Diamond, Gems and Jewellery companies"
732,Vaibhav Global,"Diamond, Gems and Jewellery companies"
733,Kalyan Jewellers,"Diamond, Gems and Jewellery companies"
734,Goldiam Intl.,"Diamond, Gems and Jewellery companies"
735,Thangamayil Jew.,"Diamond, Gems and Jewellery companies"
736,Renaiss. Global,"Diamond, Gems and Jewellery companies"
737,Asian Star Co.,"Diamond, Gems and Jewellery companies"
738,PC Jeweller,"Diamond, Gems and Jewellery companies"
739,D. P. Abhushan,"Diamond, Gems and Jewellery companies"
740,T B Z,"Diamond, Gems and Jewellery companies"
741,Atlas Jewellery,"Diamond, Gems and Jewellery companies"
742,Starlineps Enter,"Diamond, Gems and Jewellery companies"
743,Radhika Jeweltec,"Diamond, Gems and Jewellery companies"
744,S.M. Gold,"Diamond, Gems and Jewellery companies"
745,Uday Jewellery,"Diamond, Gems and Jewellery companies"
746,Moksh Ornaments,"Diamond, Gems and Jewellery companies"
747,Ashapuri Gold,"Diamond, Gems and Jewellery companies"
748,Penta Gold,"Diamond, Gems and Jewellery companies"
749,Veeram Securit.,"Diamond, Gems and Jewellery companies"
750,Sky Gold,"Diamond, Gems and Jewellery companies"
751,Kanani Industrie,"Diamond, Gems and Jewellery companies"
752,Darshan Orna,"Diamond, Gems and Jewellery companies"
753,Golkunda Diamond,"Diamond, Gems and Jewellery companies"
754,Narbada Gems,"Diamond, Gems and Jewellery companies"
755,SwarnsaritaJewel,"Diamond, Gems and Jewellery companies"
756,Goenka Diamond,"Diamond, Gems and Jewellery companies"
757,Sagar Diamonds,"Diamond, Gems and Jewellery companies"
758,Silgo Retail,"Diamond, Gems and Jewellery companies"
759,Orosil Smiths,"Diamond, Gems and Jewellery companies"
760,Zodiac-JRD MKJ,"Diamond, Gems and Jewellery companies"
761,Kkalpana Plastic,"Diamond, Gems and Jewellery companies"
762,Midas Infra Tra.,"Diamond, Gems and Jewellery companies"
763,Gautam Gems,"Diamond, Gems and Jewellery companies"
764,Lypsa Gems,"Diamond, Gems and Jewellery companies"
765,Bhakti Gems,"Diamond, Gems and Jewellery companies"
766,Shukra Jewellery,"Diamond, Gems and Jewellery companies"
767,Sheetal Diamonds,"Diamond, Gems and Jewellery companies"
768,Sover. Diamonds,"Diamond, Gems and Jewellery companies"
769,Mini Diamonds(I),"Diamond, Gems and Jewellery companies"
770,Sunraj Diamond,"Diamond, Gems and Jewellery companies"
771,Deep Diamond,"Diamond, Gems and Jewellery companies"
772,Shukra Bullions,"Diamond, Gems and Jewellery companies"
773,Neogem India,"Diamond, Gems and Jewellery companies"
774,Turner Industrie,"Diamond, Gems and Jewellery companies"
775,3M India,Diversified companies
776,DCM Shriram,Diversified companies
777,Quess Corp,Diversified companies
778,Bombay Burmah,Diversified companies
779,Balmer Lawrie,Diversified companies
780,Nava Bharat Vent,Diversified companies
781,Andhra Sugars,Diversified companies
782,Andrew Yule & Co,Diversified companies
783,Gillanders Arbut,Diversified companies
784,Surana Telecom,Diversified companies
785,Alchemist,Diversified companies
786,Ruchi Soya Inds.,Edible Oil companies
787,Guj. Ambuja Exp,Edible Oil companies
788,Agro Tech Foods.,Edible Oil companies
789,Manorama Indust.,Edible Oil companies
790,AVT Natural Prod,Edible Oil companies
791,Gokul Agro,Edible Oil companies
792,Vijay Solvex,Edible Oil companies
793,BCL Industries,Edible Oil companies
794,Ajanta Soya,Edible Oil companies
795,Gokul Refoils,Edible Oil companies
796,Mangalam Global,Edible Oil companies
797,Kriti Nutrients,Edible Oil companies
798,Modi Naturals,Edible Oil companies
799,CIAN Agro,Edible Oil companies
800,Raj Oil Mills,Edible Oil companies
801,Vegetable Prod.,Edible Oil companies
802,Suraj Industries,Edible Oil companies
803,Shree Ram Proti.,Edible Oil companies
804,M K Proteins,Edible Oil companies
805,Shri Venkatesh,Edible Oil companies
806,Natraj Proteins,Edible Oil companies
807,Diligent Indust.,Edible Oil companies
808,Superior Indus.,Edible Oil companies
809,Poona Dal & Oil,Edible Oil companies
810,Prima Industries,Edible Oil companies
811,Coromandel Inter,Fertilizers companies
812,Chambal Fert.,Fertilizers companies
813,F A C T,Fertilizers companies
814,G N F C,Fertilizers companies
815,G S F C,Fertilizers companies
816,R C F,Fertilizers companies
817,Natl.Fertilizer,Fertilizers companies
818,S P I C,Fertilizers companies
819,Mangalore Chem.,Fertilizers companies
820,Nagarjuna Fert.,Fertilizers companies
821,Khaitan Chemical,Fertilizers companies
822,Rama Phosphates,Fertilizers companies
823,Krishana Phosch.,Fertilizers companies
824,Madras Fertilize,Fertilizers companies
825,Zuari Agro Chem.,Fertilizers companies
826,M B Agro Prod.,Fertilizers companies
827,Aries Agro,Fertilizers companies
828,Bharat Agri Fert,Fertilizers companies
829,Basant Agro Tech,Fertilizers companies
830,Shiva Global,Fertilizers companies
831,Agro Phos India,Fertilizers companies
832,Phosphate Co,Fertilizers companies
833,M P Agro Inds.,Fertilizers companies
834,Bohra Industries,Fertilizers companies
835,Indra Industries,Fertilizers companies
836,Hind. Unilever,FMCG companies
837,Nestle India,FMCG companies
838,Dabur India,FMCG companies
839,Godrej Consumer,FMCG companies
840,Britannia Inds.,FMCG companies
841,Marico,FMCG companies
842,P & G Hygiene,FMCG companies
843,Colgate-Palmoliv,FMCG companies
844,Varun Beverages,FMCG companies
845,Hatsun Agro,FMCG companies
846,Emami,FMCG companies
847,Gillette India,FMCG companies
848,Zydus Wellness,FMCG companies
849,Galaxy Surfact.,FMCG companies
850,KRBL,FMCG companies
851,Jyothy Labs,FMCG companies
852,Hindustan Foods,FMCG companies
853,Tasty Bite Eat.,FMCG companies
854,Dodla Dairy,FMCG companies
855,GRM Overseas,FMCG companies
856,Bajaj Consumer,FMCG companies
857,Mrs Bectors,FMCG companies
858,L T Foods,FMCG companies
859,Heritage Foods,FMCG companies
860,Prataap Snacks,FMCG companies
861,Adani Total Gas,Gas Distribution companies
862,GAIL (India),Gas Distribution companies
863,Indraprastha Gas,Gas Distribution companies
864,Petronet LNG,Gas Distribution companies
865,Guj.St.Petronet,Gas Distribution companies
866,Mahanagar Gas,Gas Distribution companies
867,Deep Industries,Gas Distribution companies
868,Deep Energy,Gas Distribution companies
869,Asahi India Glas,Glass & Glass Products companies
870,Borosil Renew.,Glass & Glass Products companies
871,La Opala RG,Glass & Glass Products companies
872,Borosil,Glass & Glass Products companies
873,Saint-Gob. Sekur,Glass & Glass Products companies
874,Empire Inds.,Glass & Glass Products companies
875,Hind.Natl.Glass,Glass & Glass Products companies
876,Haldyn Glass,Glass & Glass Products companies
877,Banaras Beads,Glass & Glass Products companies
878,Triveni Glass,Glass & Glass Products companies
879,JIK Industries,Glass & Glass Products companies
880,Asahi India Glas,Glass & Glass Products companies
881,Borosil Renew.,Glass & Glass Products companies
882,La Opala RG,Glass & Glass Products companies
883,Borosil,Glass & Glass Products companies
884,Saint-Gob. Sekur,Glass & Glass Products companies
885,Empire Inds.,Glass & Glass Products companies
886,Hind.Natl.Glass,Glass & Glass Products companies
887,Haldyn Glass,Glass & Glass Products companies
888,Banaras Beads,Glass & Glass Products companies
889,Triveni Glass,Glass & Glass Products companies
890,JIK Industries,Glass & Glass Products companies
891,Apollo Hospitals,Healthcare companies
892,Max Healthcare,Healthcare companies
893,Dr Lal Pathlabs,Healthcare companies
894,Fortis Health.,Healthcare companies
895,Metropolis Healt,Healthcare companies
896,Narayana Hrudaya,Healthcare companies
897,Krishna Institu.,Healthcare companies
898,Poly Medicure,Healthcare companies
899,Aster DM Health.,Healthcare companies
900,Vijaya Diagnost.,Healthcare companies
901,Thyrocare Tech.,Healthcare companies
902,Health.Global,Healthcare companies
903,Krsnaa Diagnost.,Healthcare companies
904,Kovai Medical,Healthcare companies
905,Shalby,Healthcare companies
906,KMC Speciality,Healthcare companies
907,Indrapr.Medical,Healthcare companies
908,Artemis Medicare,Healthcare companies
909,Dr Agarwal's Eye,Healthcare companies
910,Prevest Denpro,Healthcare companies
911,Jeevan Scienti.,Healthcare companies
912,Fortis Malar,Healthcare companies
913,Tejnaksh Health.,Healthcare companies
914,Lotus Eye Hospit,Healthcare companies
915,Aashka Hospitals,Healthcare companies
916,Larsen & Toubro,Infrastructure Developers & Operators companies
917,Adani Ports,Infrastructure Developers & Operators companies
918,GMR Infra.,Infrastructure Developers & Operators companies
919,HFCL,Infrastructure Developers & Operators companies
920,IRB Infra.Devl.,Infrastructure Developers & Operators companies
921,Dilip Buildcon,Infrastructure Developers & Operators companies
922,Rites,Infrastructure Developers & Operators companies
923,Ircon Intl.,Infrastructure Developers & Operators companies
924,Engineers India,Infrastructure Developers & Operators companies
925,Ashoka Buildcon,Infrastructure Developers & Operators companies
926,Techno Elec.Engg,Infrastructure Developers & Operators companies
927,Reliance Infra.,Infrastructure Developers & Operators companies
928,GE Power,Infrastructure Developers & Operators companies
929,J Kumar Infra,Infrastructure Developers & Operators companies
930,Rel. Indl. Infra,Infrastructure Developers & Operators companies
931,Shriram EPC,Infrastructure Developers & Operators companies
932,Likhitha Infra.,Infrastructure Developers & Operators companies
933,BGR Energy Sys.,Infrastructure Developers & Operators companies
934,MEP Infrast.,Infrastructure Developers & Operators companies
935,Jaypee Infratech,Infrastructure Developers & Operators companies
936,AGI Infra,Infrastructure Developers & Operators companies
937,Atlanta,Infrastructure Developers & Operators companies
938,Noida Tollbridg.,Infrastructure Developers & Operators companies
939,IL&FS Transport,Infrastructure Developers & Operators companies
940,AJR Infra &,Infrastructure Developers & Operators companies
941,TCS,IT - Software companies
942,Infosys,IT - Software companies
943,Wipro,IT - Software companies
944,HCL Technologies,IT - Software companies
945,Tech Mahindra,IT - Software companies
946,L & T Infotech,IT - Software companies
947,Mindtree,IT - Software companies
948,Mphasis,IT - Software companies
949,L&T Technology,IT - Software companies
950,Tata Elxsi,IT - Software companies
951,Oracle Fin.Serv.,IT - Software companies
952,Persistent Sys,IT - Software companies
953,Coforge,IT - Software companies
954,Tanla Platforms,IT - Software companies
955,Happiest Minds,IT - Software companies
956,Birlasoft Ltd,IT - Software companies
957,KPIT Technologi.,IT - Software companies
958,Latent View,IT - Software companies
959,Brightcom Group,IT - Software companies
960,Firstsour.Solu.,IT - Software companies
961,Route Mobile,IT - Software companies
962,Cyient,IT - Software companies
963,Zensar Tech.,IT - Software companies
964,Sonata Software,IT - Software companies
965,Intellect Design,IT - Software companies
966,Container Corpn.,Logistics companies
967,Blue Dart Expres,Logistics companies
968,Allcargo Logist.,Logistics companies
969,Transport Corp.,Logistics companies
970,Mahindra Logis.,Logistics companies
971,VRL Logistics,Logistics companies
972,Gateway Distr.,Logistics companies
973,Sindhu Trade,Logistics companies
974,Gati,Logistics companies
975,Arshiya,Logistics companies
976,Snowman Logistic,Logistics companies
977,Lancer Containe.,Logistics companies
978,JITF Infra Logis,Logistics companies
979,Future Supply,Logistics companies
980,Accuracy Shippi.,Logistics companies
981,Maheshwari Logi.,Logistics companies
982,Tiger Logistics,Logistics companies
983,Ritco Logistics,Logistics companies
984,North Eastn.Car.,Logistics companies
985,East West Holdin,Logistics companies
986,Chart.Logistics,Logistics companies
987,Patel Integrated,Logistics companies
988,Sanco Trans,Logistics companies
989,Shreeji Translog,Logistics companies
990,AVG Logistics,Logistics companies
991,T.V. Today Netw.,Media - Print/Television/Radio companies
992,Navneet Educat.,Media - Print/Television/Radio companies
993,D B Corp,Media - Print/Television/Radio companies
994,Jagran Prakashan,Media - Print/Television/Radio companies
995,MPS,Media - Print/Television/Radio companies
996,Repro India,Media - Print/Television/Radio companies
997,Sandesh,Media - Print/Television/Radio companies
998,H T Media,Media - Print/Television/Radio companies
999,NDTV,Media - Print/Television/Radio companies
1000,Hindustan Media,Media - Print/Television/Radio companies
1001,S Chand & Compan,Media - Print/Television/Radio companies
1002,UFO Moviez,Media - Print/Television/Radio companies
1003,Sundaram Multi.,Media - Print/Television/Radio companies
1004,Sambhaav Media,Media - Print/Television/Radio companies
1005,Diligent Media,Media - Print/Television/Radio companies
1006,Unick Fix-A-Form,Media - Print/Television/Radio companies
1007,Infomedia Press,Media - Print/Television/Radio companies
1008,Antarctica,Media - Print/Television/Radio companies
1009,SAB Events,Media - Print/Television/Radio companies
1010,Olympic Cards,Media - Print/Television/Radio companies
1011,Esha Media,Media - Print/Television/Radio companies
1012,Kiran Print Pack,Media - Print/Television/Radio companies
1013,Nova Publication,Media - Print/Television/Radio companies
1014,Inland Printers,Media - Print/Television/Radio companies
1015,PB Fintech.,Miscellaneous companies
1016,Gujarat Gas,Miscellaneous companies
1017,Tube Investments,Miscellaneous companies
1018,Indian Energy Ex,Miscellaneous companies
1019,C D S L,Miscellaneous companies
1020,Affle India,Miscellaneous companies
1021,Cams Services,Miscellaneous companies
1022,Century Plyboard,Miscellaneous companies
1023,Godrej Agrovet,Miscellaneous companies
1024,TCI Express,Miscellaneous companies
1025,BSE,Miscellaneous companies
1026,Multi Comm. Exc.,Miscellaneous companies
1027,Netwrk.18 Media,Miscellaneous companies
1028,Avanti Feeds,Miscellaneous companies
1029,Team Lease Serv.,Miscellaneous companies
1030,SIS,Miscellaneous companies
1031,SPARC,Miscellaneous companies
1032,Easy Trip Plann.,Miscellaneous companies
1033,Greenpanel Inds.,Miscellaneous companies
1034,NESCO,Miscellaneous companies
1035,EKI Energy,Miscellaneous companies
1036,Venky's (India),Miscellaneous companies
1037,Tarsons Products,Miscellaneous companies
1038,Greenlam Industr,Miscellaneous companies
1039,Kaveri Seed Co.,Miscellaneous companies
1040,Jindal Drilling,Oil Drill/Allied companies
1041,Aakash Explor.,Oil Drill/Allied companies
1042,Alphageo (India),Oil Drill/Allied companies
1043,Duke Offshore,Oil Drill/Allied companies
1044,Asian Paints,Paints/Varnish companies
1045,Berger Paints,Paints/Varnish companies
1046,Kansai Nerolac,Paints/Varnish companies
1047,Indigo Paints,Paints/Varnish companies
1048,Akzo Nobel,Paints/Varnish companies
1049,Shalimar Paints,Paints/Varnish companies
1050,Yug Decor,Paints/Varnish companies
1051,Supreme Petroch.,Petrochemicals companies
1052,Bhansali Engg.,Petrochemicals companies
1053,INEOS Styrolut.,Petrochemicals companies
1054,Manali Petrochem,Petrochemicals companies
1055,Savita Oil Tech,Petrochemicals companies
1056,Panama Petrochem,Petrochemicals companies
1057,DCW,Petrochemicals companies
1058,Dhunseri Vent.,Petrochemicals companies
1059,Agarwal Indl.,Petrochemicals companies
1060,Kothari Petroche,Petrochemicals companies
1061,SVC Industries,Petrochemicals companies
1062,Hind.Fluoro Carb,Petrochemicals companies
1063,Polychem,Petrochemicals companies
1064,Tata Consumer,Plantation & Plantation Products companies
1065,CCL Products,Plantation & Plantation Products companies
1066,Tata Coffee,Plantation & Plantation Products companies
1067,Apcotex Industri,Plantation & Plantation Products companies
1068,Pix Transmission,Plantation & Plantation Products companies
1069,Rubfila Intl.,Plantation & Plantation Products companies
1070,Rossell India,Plantation & Plantation Products companies
1071,Goodricke Group,Plantation & Plantation Products companies
1072,Harri. Malayalam,Plantation & Plantation Products companies
1073,Jay Shree Tea,Plantation & Plantation Products companies
1074,Mcleod Russel,Plantation & Plantation Products companies
1075,Dhunseri Tea,Plantation & Plantation Products companies
1076,Neelamalai Agro,Plantation & Plantation Products companies
1077,Indag Rubber,Plantation & Plantation Products companies
1078,Elgi Rubber Co,Plantation & Plantation Products companies
1079,United Nilgiri,Plantation & Plantation Products companies
1080,James Warren Tea,Plantation & Plantation Products companies
1081,GRP,Plantation & Plantation Products companies
1082,Grob Tea Co,Plantation & Plantation Products companies
1083,Rishiroop,Plantation & Plantation Products companies
1084,Warren Tea,Plantation & Plantation Products companies
1085,Peria Kara. Tea,Plantation & Plantation Products companies
1086,S E Power,Plantation & Plantation Products companies
1087,B & A,Plantation & Plantation Products companies
1088,Joonktolle Tea,Plantation & Plantation Products companies
1089,Astral,Plastic products companies
1090,Supreme Inds.,Plastic products companies
1091,Finolex Inds.,Plastic products companies
1092,Prince Pipes,Plastic products companies
1093,V I P Inds.,Plastic products companies
1094,Nilkamal Ltd,Plastic products companies
1095,Responsive Ind,Plastic products companies
1096,Apollo Pipes,Plastic products companies
1097,Mayur Uniquoters,Plastic products companies
1098,Jai Corp,Plastic products companies
1099,Jain Irrigation,Plastic products companies
1100,Mold-Tek Pack.,Plastic products companies
1101,Safari Inds.,Plastic products companies
1102,Time Technoplast,Plastic products companies
1103,Shaily Engineer.,Plastic products companies
1104,Kingfa Science,Plastic products companies
1105,XPRO India,Plastic products companies
1106,Sintex Plastics,Plastic products companies
1107,Kriti Industries,Plastic products companies
1108,Deep Polymers,Plastic products companies
1109,Wim Plast,Plastic products companies
1110,KKalpana Inds.,Plastic products companies
1111,Prakash Pipes,Plastic products companies
1112,Mahindra EPC,Plastic products companies
1113,Mitsu Chem Plast,Plastic products companies
1114,Page Industries,Readymade Garments/ Apparells companies
1115,K P R Mill Ltd,Readymade Garments/ Apparells companies
1116,Rupa & Co,Readymade Garments/ Apparells companies
1117,Gokaldas Exports,Readymade Garments/ Apparells companies
1118,Kewal Kir.Cloth.,Readymade Garments/ Apparells companies
1119,Kitex Garments,Readymade Garments/ Apparells companies
1120,Pearl Global Ind,Readymade Garments/ Apparells companies
1121,Zodiac Cloth. Co,Readymade Garments/ Apparells companies
1122,Samtex Fashion,Readymade Garments/ Apparells companies
1123,Cityman,Readymade Garments/ Apparells companies
1124,Ceenik Exports,Readymade Garments/ Apparells companies
1125,Haria Exports,Readymade Garments/ Apparells companies
1126,Spice Islands Ap,Readymade Garments/ Apparells companies
1127,Haria Apparels,Readymade Garments/ Apparells companies
1128,Reliance Industr,Refineries companies
1129,I O C L,Refineries companies
1130,B P C L,Refineries companies
1131,H P C L,Refineries companies
1132,M R P L,Refineries companies
1133,C P C L,Refineries companies
1134,Avenue Super.,Retail companies
1135,Trent,Retail companies
1136,Aditya Bir. Fas.,Retail companies
1137,V-Mart Retail,Retail companies
1138,Arvind Fashions.,Retail companies
1139,Shoppers Stop,Retail companies
1140,Future Retail,Retail companies
1141,Future Lifestyle,Retail companies
1142,Spencer's Retail,Retail companies
1143,V2 Retail,Retail companies
1144,Future Enterp.,Retail companies
1145,Osia Hyper Reta.,Retail companies
1146,Archies,Retail companies
1147,Rajnish Wellness,Retail companies
1148,Future Ent. DVR,Retail companies
1149,Mandhana Retail,Retail companies
1150,7NR Retail Ltd,Retail companies
1151,Goblin India,Retail companies
1152,Aplaya Creations,Retail companies
1153,Hit Kit Global,Retail companies
1154,Mazagon Dock,Ship Building companies
1155,Cochin Shipyard,Ship Building companies
1156,Garden Reach Sh.,Ship Building companies
1157,Reliance Nav.Eng,Ship Building companies
1158,Knowledge Marine,Ship Building companies
1159,Hariyana Ship,Ship Building companies
1160,Laxmipati Engg,Ship Building companies
1161,Inducto Steel,Ship Building companies
1162,Garware Marine,Ship Building companies
1163,JSW Steel,Steel companies
1164,Tata Steel,Steel companies
1165,S A I L,Steel companies
1166,Jindal Steel,Steel companies
1167,APL Apollo Tubes,Steel companies
1168,Ratnamani Metals,Steel companies
1169,Tata Steel BSL,Steel companies
1170,Jindal Stain.,Steel companies
1171,Shyam Metalics,Steel companies
1172,Jindal Stain. Hi,Steel companies
1173,Apollo Tricoat,Steel companies
1174,Welspun Corp,Steel companies
1175,Godawari Power,Steel companies
1176,Mishra Dhatu Nig,Steel companies
1177,Tata Steel Long,Steel companies
1178,Mah. Seamless,Steel companies
1179,Jindal Saw,Steel companies
1180,Surya Roshni,Steel companies
1181,Kirl. Ferrous,Steel companies
1182,Lloyds Metals,Steel companies
1183,Sarda Energy,Steel companies
1184,Tata Metaliks,Steel companies
1185,Usha Martin,Steel companies
1186,Rajratan Global,Steel companies
1187,Technocraf.Inds.,Steel companies
1188,Geojit Fin. Ser.,Stock/ Commodity Brokers companies
1189,Adit.Birla Money,Stock/ Commodity Brokers companies
1190,Arihant Capital,Stock/ Commodity Brokers companies
1191,Emk.Global Fin.,Stock/ Commodity Brokers companies
1192,Garnet Intl.,Stock/ Commodity Brokers companies
1193,Indbank Merchant,Stock/ Commodity Brokers companies
1194,Steel City Sec.,Stock/ Commodity Brokers companies
1195,DB Intl.Stock,Stock/ Commodity Brokers companies
1196,Titan Securities,Stock/ Commodity Brokers companies
1197,Swastika Investm,Stock/ Commodity Brokers companies
1198,Mefcom Capital,Stock/ Commodity Brokers companies
1199,Ladderup Finance,Stock/ Commodity Brokers companies
1200,Ajcon Global,Stock/ Commodity Brokers companies
1201,Visagar Finan.,Stock/ Commodity Brokers companies
1202,Cil Securities,Stock/ Commodity Brokers companies
1203,Market Creators,Stock/ Commodity Brokers companies
1204,Relic Tech.,Stock/ Commodity Brokers companies
1205,Siddha Ventures,Stock/ Commodity Brokers companies
1206,Mathew Easow Res,Stock/ Commodity Brokers companies
1207,Arihant's Secur.,Stock/ Commodity Brokers companies
1208,Action Fin.Serv,Stock/ Commodity Brokers companies
1209,Explicit Finance,Stock/ Commodity Brokers companies
1210,Alka Securities,Stock/ Commodity Brokers companies
1211,Indus Towers,Telecomm Equipment & Infra Services companies
1212,ITI,Telecomm Equipment & Infra Services companies
1213,Astra Microwave,Telecomm Equipment & Infra Services companies
1214,GTL Infra.,Telecomm Equipment & Infra Services companies
1215,NELCO,Telecomm Equipment & Infra Services companies
1216,Suyog Telematics,Telecomm Equipment & Infra Services companies
1217,Avantel,Telecomm Equipment & Infra Services companies
1218,GTL,Telecomm Equipment & Infra Services companies
1219,ADC India,Telecomm Equipment & Infra Services companies
1220,Valiant Commun.,Telecomm Equipment & Infra Services companies
1221,Punjab Commun.,Telecomm Equipment & Infra Services companies
1222,Prec. Electronic,Telecomm Equipment & Infra Services companies
1223,Kavveri Telecom,Telecomm Equipment & Infra Services companies
1224,Shyam Telecom,Telecomm Equipment & Infra Services companies
1225,Aishwarya Tech.,Telecomm Equipment & Infra Services companies
1226,Grasim Inds,Textiles companies
1227,Trident,Textiles companies
1228,Sheela Foam,Textiles companies
1229,Welspun India,Textiles companies
1230,Lux Industries,Textiles companies
1231,Vardhman Textile,Textiles companies
1232,Alok Industries,Textiles companies
1233,Go Fashion (I),Textiles companies
1234,Garware Tech.,Textiles companies
1235,TCNS Clothing Co,Textiles companies
1236,Indo Count Inds.,Textiles companies
1237,Raymond,Textiles companies
1238,PDS Multi.,Textiles companies
1239,Jindal Worldwide,Textiles companies
1240,Arvind Ltd,Textiles companies
1241,Swan Energy,Textiles companies
1242,Dollar Industrie,Textiles companies
1243,Siyaram Silk,Textiles companies
1244,Filatex India,Textiles companies
1245,Himatsing. Seide,Textiles companies
1246,Bombay Dyeing,Textiles companies
1247,Raghuvir Synth,Textiles companies
1248,Nahar Spinning,Textiles companies
1249,Sportking India,Textiles companies
1250,Nitin Spinners,Textiles companies
1251,Adani Enterp.,Trading companies
1252,Redington India,Trading companies
1253,Aegis Logistics,Trading companies
1254,Rain Industries,Trading companies
1255,MMTC,Trading companies
1256,Cartrade Tech,Trading companies
1257,PTC India,Trading companies
1258,Optiemus Infra.,Trading companies
1259,Somany Home Inn.,Trading companies
1260,MSTC,Trading companies
1261,Sirca Paints,Trading companies
1262,Future Consumer,Trading companies
1263,Shankara Build.,Trading companies
1264,Black Rose Indus,Trading companies
1265,Equippp Social,Trading companies
1266,Yaari Digital,Trading companies
1267,Uniphos Enter.,Trading companies
1268,Quint Digital,Trading companies
1269,Steel Exchange,Trading companies
1270,Hexa Tradex,Trading companies
1271,Suumaya Indust.,Trading companies
1272,Tilak Ventures,Trading companies
1273,Seacoast Ship.,Trading companies
1274,Ravindra Energy,Trading companies
1275,S T C,Trading companies
